年,月,日,品目コード,品目名,価格,文字数
2021,11,1,30100,だいこん,84.57142857142857,4.0
2021,11,2,30100,だいこん,81.14285714285714,4.0
2021,11,4,30100,だいこん,74.07142857142857,4.0
2021,11,5,30100,だいこん,69.64285714285714,4.0
2021,11,6,30100,だいこん,66.92857142857143,4.0
2021,11,8,30100,だいこん,65.71428571428571,4.0
2021,11,9,30100,だいこん,66.57142857142857,4.0
2021,11,11,30100,だいこん,65.21428571428571,4.0
2021,11,12,30100,だいこん,61.785714285714285,4.0
2021,11,13,30100,だいこん,63.714285714285715,4.0
2021,11,15,30100,だいこん,62.142857142857146,4.0
2021,11,16,30100,だいこん,61.214285714285715,4.0
2021,11,18,30100,だいこん,58.42857142857143,4.0
2021,11,19,30100,だいこん,57.07142857142857,4.0
2021,11,20,30100,だいこん,57.57142857142857,4.0
2021,11,22,30100,だいこん,58.285714285714285,4.0
2021,11,24,30100,だいこん,59.15384615384615,4.0
2021,11,25,30100,だいこん,59.07142857142857,4.0
2021,11,26,30100,だいこん,57.5,4.0
2021,11,27,30100,だいこん,53.785714285714285,4.0
2021,11,29,30100,だいこん,51.857142857142854,4.0
2021,11,30,30100,だいこん,54.142857142857146,4.0
2021,11,1,30200,かぶ,170.57142857142858,2.0
2021,11,2,30200,かぶ,172.35714285714286,2.0
2021,11,4,30200,かぶ,159.85714285714286,2.0
2021,11,5,30200,かぶ,152.15384615384616,2.0
2021,11,6,30200,かぶ,141.0,2.0
2021,11,8,30200,かぶ,143.07142857142858,2.0
2021,11,9,30200,かぶ,141.23076923076923,2.0
2021,11,11,30200,かぶ,147.42857142857142,2.0
2021,11,12,30200,かぶ,146.30769230769232,2.0
2021,11,13,30200,かぶ,130.07692307692307,2.0
2021,11,15,30200,かぶ,137.07142857142858,2.0
2021,11,16,30200,かぶ,129.30769230769232,2.0
2021,11,18,30200,かぶ,139.0,2.0
2021,11,19,30200,かぶ,131.0,2.0
2021,11,20,30200,かぶ,120.53846153846153,2.0
2021,11,22,30200,かぶ,140.14285714285714,2.0
2021,11,24,30200,かぶ,133.6153846153846,2.0
2021,11,25,30200,かぶ,131.07142857142858,2.0
2021,11,26,30200,かぶ,117.92307692307692,2.0
2021,11,27,30200,かぶ,114.46153846153847,2.0
2021,11,29,30200,かぶ,120.78571428571429,2.0
2021,11,30,30200,かぶ,130.6153846153846,2.0
2021,11,1,30300,にんじん,97.28571428571429,4.0
2021,11,2,30300,にんじん,104.14285714285714,4.0
2021,11,4,30300,にんじん,112.92857142857143,4.0
2021,11,5,30300,にんじん,118.21428571428571,4.0
2021,11,6,30300,にんじん,115.71428571428571,4.0
2021,11,8,30300,にんじん,124.07142857142857,4.0
2021,11,9,30300,にんじん,128.92857142857142,4.0
2021,11,11,30300,にんじん,129.71428571428572,4.0
2021,11,12,30300,にんじん,118.42857142857143,4.0
2021,11,13,30300,にんじん,124.64285714285714,4.0
2021,11,15,30300,にんじん,124.07142857142857,4.0
2021,11,16,30300,にんじん,117.92857142857143,4.0
2021,11,18,30300,にんじん,116.14285714285714,4.0
2021,11,19,30300,にんじん,116.21428571428571,4.0
2021,11,20,30300,にんじん,112.85714285714286,4.0
2021,11,22,30300,にんじん,117.64285714285714,4.0
2021,11,24,30300,にんじん,105.53846153846153,4.0
2021,11,25,30300,にんじん,113.14285714285714,4.0
2021,11,26,30300,にんじん,103.0,4.0
2021,11,27,30300,にんじん,105.85714285714286,4.0
2021,11,29,30300,にんじん,99.78571428571429,4.0
2021,11,30,30300,にんじん,102.71428571428571,4.0
2021,11,1,30400,ごぼう,202.35714285714286,3.0
2021,11,2,30400,ごぼう,211.5,3.0
2021,11,4,30400,ごぼう,197.57142857142858,3.0
2021,11,5,30400,ごぼう,202.5,3.0
2021,11,6,30400,ごぼう,218.5,3.0
2021,11,8,30400,ごぼう,191.5,3.0
2021,11,9,30400,ごぼう,191.57142857142858,3.0
2021,11,11,30400,ごぼう,224.64285714285714,3.0
2021,11,12,30400,ごぼう,225.5,3.0
2021,11,13,30400,ごぼう,196.57142857142858,3.0
2021,11,15,30400,ごぼう,216.28571428571428,3.0
2021,11,16,30400,ごぼう,211.42857142857142,3.0
2021,11,18,30400,ごぼう,215.78571428571428,3.0
2021,11,19,30400,ごぼう,208.92857142857142,3.0
2021,11,20,30400,ごぼう,216.92857142857142,3.0
2021,11,22,30400,ごぼう,236.42857142857142,3.0
2021,11,24,30400,ごぼう,193.6153846153846,3.0
2021,11,25,30400,ごぼう,256.2857142857143,3.0
2021,11,26,30400,ごぼう,238.92857142857142,3.0
2021,11,27,30400,ごぼう,235.0,3.0
2021,11,29,30400,ごぼう,243.14285714285714,3.0
2021,11,30,30400,ごぼう,226.07142857142858,3.0
2021,11,1,30500,たけのこ,1380.5714285714287,4.0
2021,11,2,30500,たけのこ,1417.625,4.0
2021,11,4,30500,たけのこ,1467.375,4.0
2021,11,5,30500,たけのこ,1430.1666666666667,4.0
2021,11,6,30500,たけのこ,1418.888888888889,4.0
2021,11,8,30500,たけのこ,1424.6666666666667,4.0
2021,11,9,30500,たけのこ,1490.0,4.0
2021,11,11,30500,たけのこ,1606.1666666666667,4.0
2021,11,12,30500,たけのこ,1641.5,4.0
2021,11,13,30500,たけのこ,1830.0,4.0
2021,11,15,30500,たけのこ,1912.2,4.0
2021,11,16,30500,たけのこ,2196.2,4.0
2021,11,18,30500,たけのこ,1693.6,4.0
2021,11,19,30500,たけのこ,1715.5,4.0
2021,11,20,30500,たけのこ,5400.0,4.0
2021,11,22,30500,たけのこ,2299.0,4.0
2021,11,24,30500,たけのこ,1951.5,4.0
2021,11,25,30500,たけのこ,3862.25,4.0
2021,11,26,30500,たけのこ,1699.75,4.0
2021,11,27,30500,たけのこ,2294.1428571428573,4.0
2021,11,29,30500,たけのこ,2135.0,4.0
2021,11,30,30500,たけのこ,2052.6,4.0
2021,11,1,30600,れんこん,415.42857142857144,4.0
2021,11,2,30600,れんこん,423.38461538461536,4.0
2021,11,4,30600,れんこん,426.2142857142857,4.0
2021,11,5,30600,れんこん,436.6923076923077,4.0
2021,11,6,30600,れんこん,444.64285714285717,4.0
2021,11,8,30600,れんこん,427.5,4.0
2021,11,9,30600,れんこん,450.53846153846155,4.0
2021,11,11,30600,れんこん,430.3076923076923,4.0
2021,11,12,30600,れんこん,436.0,4.0
2021,11,13,30600,れんこん,430.7692307692308,4.0
2021,11,15,30600,れんこん,421.2857142857143,4.0
2021,11,16,30600,れんこん,443.7692307692308,4.0
2021,11,18,30600,れんこん,426.14285714285717,4.0
2021,11,19,30600,れんこん,430.46153846153845,4.0
2021,11,20,30600,れんこん,437.07142857142856,4.0
2021,11,22,30600,れんこん,433.7692307692308,4.0
2021,11,24,30600,れんこん,437.3076923076923,4.0
2021,11,25,30600,れんこん,433.85714285714283,4.0
2021,11,26,30600,れんこん,422.3076923076923,4.0
2021,11,27,30600,れんこん,419.57142857142856,4.0
2021,11,29,30600,れんこん,433.57142857142856,4.0
2021,11,30,30600,れんこん,429.46153846153845,4.0
2021,11,1,31100,はくさい,65.42857142857143,4.0
2021,11,2,31100,はくさい,63.5,4.0
2021,11,4,31100,はくさい,62.5,4.0
2021,11,5,31100,はくさい,60.5,4.0
2021,11,6,31100,はくさい,59.642857142857146,4.0
2021,11,8,31100,はくさい,58.42857142857143,4.0
2021,11,9,31100,はくさい,57.92857142857143,4.0
2021,11,11,31100,はくさい,61.142857142857146,4.0
2021,11,12,31100,はくさい,61.07142857142857,4.0
2021,11,13,31100,はくさい,61.785714285714285,4.0
2021,11,15,31100,はくさい,62.142857142857146,4.0
2021,11,16,31100,はくさい,62.214285714285715,4.0
2021,11,18,31100,はくさい,60.285714285714285,4.0
2021,11,19,31100,はくさい,57.142857142857146,4.0
2021,11,20,31100,はくさい,56.42857142857143,4.0
2021,11,22,31100,はくさい,55.92857142857143,4.0
2021,11,24,31100,はくさい,53.46153846153846,4.0
2021,11,25,31100,はくさい,53.357142857142854,4.0
2021,11,26,31100,はくさい,50.07142857142857,4.0
2021,11,27,31100,はくさい,49.0,4.0
2021,11,29,31100,はくさい,46.92857142857143,4.0
2021,11,30,31100,はくさい,46.07142857142857,4.0
2021,11,1,31300,みずな,564.0714285714286,3.0
2021,11,2,31300,みずな,539.0,3.0
2021,11,4,31300,みずな,479.14285714285717,3.0
2021,11,5,31300,みずな,462.5,3.0
2021,11,6,31300,みずな,417.5,3.0
2021,11,8,31300,みずな,414.85714285714283,3.0
2021,11,9,31300,みずな,428.57142857142856,3.0
2021,11,11,31300,みずな,415.35714285714283,3.0
2021,11,12,31300,みずな,382.2857142857143,3.0
2021,11,13,31300,みずな,409.0,3.0
2021,11,15,31300,みずな,414.07142857142856,3.0
2021,11,16,31300,みずな,425.57142857142856,3.0
2021,11,18,31300,みずな,436.57142857142856,3.0
2021,11,19,31300,みずな,434.0,3.0
2021,11,20,31300,みずな,447.14285714285717,3.0
2021,11,22,31300,みずな,475.57142857142856,3.0
2021,11,24,31300,みずな,452.61538461538464,3.0
2021,11,25,31300,みずな,481.35714285714283,3.0
2021,11,26,31300,みずな,455.85714285714283,3.0
2021,11,27,31300,みずな,449.07142857142856,3.0
2021,11,29,31300,みずな,458.57142857142856,3.0
2021,11,30,31300,みずな,448.92857142857144,3.0
2021,11,1,31500,こまつな,261.64285714285717,4.0
2021,11,2,31500,こまつな,249.42857142857142,4.0
2021,11,4,31500,こまつな,241.21428571428572,4.0
2021,11,5,31500,こまつな,235.35714285714286,4.0
2021,11,6,31500,こまつな,228.42857142857142,4.0
2021,11,8,31500,こまつな,244.5,4.0
2021,11,9,31500,こまつな,260.5,4.0
2021,11,11,31500,こまつな,265.5,4.0
2021,11,12,31500,こまつな,237.78571428571428,4.0
2021,11,13,31500,こまつな,240.64285714285714,4.0
2021,11,15,31500,こまつな,245.85714285714286,4.0
2021,11,16,31500,こまつな,277.07142857142856,4.0
2021,11,18,31500,こまつな,261.2142857142857,4.0
2021,11,19,31500,こまつな,255.07142857142858,4.0
2021,11,20,31500,こまつな,253.07142857142858,4.0
2021,11,22,31500,こまつな,287.0,4.0
2021,11,24,31500,こまつな,275.6923076923077,4.0
2021,11,25,31500,こまつな,268.85714285714283,4.0
2021,11,26,31500,こまつな,256.7142857142857,4.0
2021,11,27,31500,こまつな,256.0,4.0
2021,11,29,31500,こまつな,277.85714285714283,4.0
2021,11,30,31500,こまつな,291.5,4.0
2021,11,1,31560,ちんげんさい,276.57142857142856,6.0
2021,11,2,31560,ちんげんさい,274.2857142857143,6.0
2021,11,4,31560,ちんげんさい,268.92857142857144,6.0
2021,11,5,31560,ちんげんさい,257.7857142857143,6.0
2021,11,6,31560,ちんげんさい,260.0,6.0
2021,11,8,31560,ちんげんさい,276.64285714285717,6.0
2021,11,9,31560,ちんげんさい,276.5,6.0
2021,11,11,31560,ちんげんさい,268.7142857142857,6.0
2021,11,12,31560,ちんげんさい,268.2142857142857,6.0
2021,11,13,31560,ちんげんさい,272.85714285714283,6.0
2021,11,15,31560,ちんげんさい,294.57142857142856,6.0
2021,11,16,31560,ちんげんさい,299.0,6.0
2021,11,18,31560,ちんげんさい,275.2857142857143,6.0
2021,11,19,31560,ちんげんさい,265.92857142857144,6.0
2021,11,20,31560,ちんげんさい,267.5,6.0
2021,11,22,31560,ちんげんさい,276.5,6.0
2021,11,24,31560,ちんげんさい,264.0769230769231,6.0
2021,11,25,31560,ちんげんさい,271.42857142857144,6.0
2021,11,26,31560,ちんげんさい,259.5,6.0
2021,11,27,31560,ちんげんさい,256.35714285714283,6.0
2021,11,29,31560,ちんげんさい,260.5,6.0
2021,11,30,31560,ちんげんさい,285.64285714285717,6.0
2021,11,1,31700,キャベツ,95.35714285714286,4.0
2021,11,2,31700,キャベツ,102.14285714285714,4.0
2021,11,4,31700,キャベツ,100.07142857142857,4.0
2021,11,5,31700,キャベツ,96.5,4.0
2021,11,6,31700,キャベツ,92.71428571428571,4.0
2021,11,8,31700,キャベツ,89.07142857142857,4.0
2021,11,9,31700,キャベツ,86.57142857142857,4.0
2021,11,11,31700,キャベツ,88.07142857142857,4.0
2021,11,12,31700,キャベツ,82.35714285714286,4.0
2021,11,13,31700,キャベツ,77.35714285714286,4.0
2021,11,15,31700,キャベツ,75.57142857142857,4.0
2021,11,16,31700,キャベツ,73.42857142857143,4.0
2021,11,18,31700,キャベツ,72.28571428571429,4.0
2021,11,19,31700,キャベツ,70.07142857142857,4.0
2021,11,20,31700,キャベツ,68.57142857142857,4.0
2021,11,22,31700,キャベツ,70.85714285714286,4.0
2021,11,24,31700,キャベツ,67.53846153846153,4.0
2021,11,25,31700,キャベツ,64.64285714285714,4.0
2021,11,26,31700,キャベツ,60.92857142857143,4.0
2021,11,27,31700,キャベツ,59.214285714285715,4.0
2021,11,29,31700,キャベツ,59.785714285714285,4.0
2021,11,30,31700,キャベツ,57.785714285714285,4.0
2021,11,1,31800,ほうれんそう,742.0,6.0
2021,11,2,31800,ほうれんそう,682.6428571428571,6.0
2021,11,4,31800,ほうれんそう,627.4285714285714,6.0
2021,11,5,31800,ほうれんそう,581.3571428571429,6.0
2021,11,6,31800,ほうれんそう,538.6428571428571,6.0
2021,11,8,31800,ほうれんそう,516.4285714285714,6.0
2021,11,9,31800,ほうれんそう,504.14285714285717,6.0
2021,11,11,31800,ほうれんそう,486.57142857142856,6.0
2021,11,12,31800,ほうれんそう,485.0,6.0
2021,11,13,31800,ほうれんそう,475.0,6.0
2021,11,15,31800,ほうれんそう,474.35714285714283,6.0
2021,11,16,31800,ほうれんそう,469.14285714285717,6.0
2021,11,18,31800,ほうれんそう,462.7857142857143,6.0
2021,11,19,31800,ほうれんそう,458.5,6.0
2021,11,20,31800,ほうれんそう,450.42857142857144,6.0
2021,11,22,31800,ほうれんそう,461.42857142857144,6.0
2021,11,24,31800,ほうれんそう,450.15384615384613,6.0
2021,11,25,31800,ほうれんそう,424.2857142857143,6.0
2021,11,26,31800,ほうれんそう,422.14285714285717,6.0
2021,11,27,31800,ほうれんそう,406.7142857142857,6.0
2021,11,29,31800,ほうれんそう,417.7142857142857,6.0
2021,11,30,31800,ほうれんそう,427.42857142857144,6.0
2021,11,1,31900,ねぎ,371.2857142857143,2.0
2021,11,2,31900,ねぎ,361.14285714285717,2.0
2021,11,4,31900,ねぎ,351.92857142857144,2.0
2021,11,5,31900,ねぎ,363.57142857142856,2.0
2021,11,6,31900,ねぎ,350.0,2.0
2021,11,8,31900,ねぎ,349.7857142857143,2.0
2021,11,9,31900,ねぎ,350.92857142857144,2.0
2021,11,11,31900,ねぎ,344.0,2.0
2021,11,12,31900,ねぎ,349.85714285714283,2.0
2021,11,13,31900,ねぎ,339.35714285714283,2.0
2021,11,15,31900,ねぎ,358.92857142857144,2.0
2021,11,16,31900,ねぎ,362.57142857142856,2.0
2021,11,18,31900,ねぎ,352.92857142857144,2.0
2021,11,19,31900,ねぎ,357.42857142857144,2.0
2021,11,20,31900,ねぎ,334.57142857142856,2.0
2021,11,22,31900,ねぎ,355.7857142857143,2.0
2021,11,24,31900,ねぎ,338.6923076923077,2.0
2021,11,25,31900,ねぎ,342.2857142857143,2.0
2021,11,26,31900,ねぎ,339.0,2.0
2021,11,27,31900,ねぎ,342.2142857142857,2.0
2021,11,29,31900,ねぎ,343.85714285714283,2.0
2021,11,30,31900,ねぎ,347.7857142857143,2.0
2021,11,1,32300,ふき,353.0,2.0
2021,11,2,32300,ふき,457.0,2.0
2021,11,4,32300,ふき,437.3,2.0
2021,11,5,32300,ふき,371.8888888888889,2.0
2021,11,6,32300,ふき,444.54545454545456,2.0
2021,11,8,32300,ふき,394.5,2.0
2021,11,9,32300,ふき,495.75,2.0
2021,11,11,32300,ふき,449.0,2.0
2021,11,12,32300,ふき,367.5,2.0
2021,11,13,32300,ふき,368.6,2.0
2021,11,15,32300,ふき,437.6,2.0
2021,11,16,32300,ふき,422.72727272727275,2.0
2021,11,18,32300,ふき,323.1,2.0
2021,11,19,32300,ふき,410.90909090909093,2.0
2021,11,20,32300,ふき,394.0,2.0
2021,11,22,32300,ふき,337.5,2.0
2021,11,24,32300,ふき,398.3333333333333,2.0
2021,11,25,32300,ふき,295.8888888888889,2.0
2021,11,26,32300,ふき,398.54545454545456,2.0
2021,11,27,32300,ふき,309.6,2.0
2021,11,29,32300,ふき,440.72727272727275,2.0
2021,11,30,32300,ふき,417.0,2.0
2021,11,1,32400,うど,675.0,2.0
2021,11,2,32400,うど,828.0,2.0
2021,11,4,32400,うど,985.5,2.0
2021,11,5,32400,うど,780.0,2.0
2021,11,6,32400,うど,1046.5,2.0
2021,11,8,32400,うど,1258.5,2.0
2021,11,9,32400,うど,781.0,2.0
2021,11,11,32400,うど,1073.5,2.0
2021,11,12,32400,うど,1620.0,2.0
2021,11,13,32400,うど,1320.6666666666667,2.0
2021,11,15,32400,うど,1517.5,2.0
2021,11,16,32400,うど,748.0,2.0
2021,11,18,32400,うど,1799.6666666666667,2.0
2021,11,19,32400,うど,909.0,2.0
2021,11,20,32400,うど,1247.6666666666667,2.0
2021,11,22,32400,うど,1336.25,2.0
2021,11,24,32400,うど,1552.5,2.0
2021,11,25,32400,うど,1095.3333333333333,2.0
2021,11,26,32400,うど,1749.5,2.0
2021,11,30,32400,うど,747.0,2.0
2021,11,1,32500,みつば,587.6428571428571,3.0
2021,11,2,32500,みつば,588.8571428571429,3.0
2021,11,4,32500,みつば,577.6428571428571,3.0
2021,11,5,32500,みつば,582.2142857142857,3.0
2021,11,6,32500,みつば,580.8571428571429,3.0
2021,11,8,32500,みつば,577.0714285714286,3.0
2021,11,9,32500,みつば,613.5714285714286,3.0
2021,11,11,32500,みつば,598.7857142857143,3.0
2021,11,12,32500,みつば,570.6428571428571,3.0
2021,11,13,32500,みつば,560.9285714285714,3.0
2021,11,15,32500,みつば,588.0714285714286,3.0
2021,11,16,32500,みつば,588.7857142857143,3.0
2021,11,18,32500,みつば,581.4285714285714,3.0
2021,11,19,32500,みつば,579.5,3.0
2021,11,20,32500,みつば,587.7142857142857,3.0
2021,11,22,32500,みつば,596.7857142857143,3.0
2021,11,24,32500,みつば,560.8461538461538,3.0
2021,11,25,32500,みつば,563.0,3.0
2021,11,26,32500,みつば,592.2857142857143,3.0
2021,11,27,32500,みつば,585.0714285714286,3.0
2021,11,29,32500,みつば,593.9285714285714,3.0
2021,11,30,32500,みつば,605.8571428571429,3.0
2021,11,1,32600,しゅんぎく,728.1538461538462,5.0
2021,11,2,32600,しゅんぎく,702.6923076923077,5.0
2021,11,4,32600,しゅんぎく,639.7692307692307,5.0
2021,11,5,32600,しゅんぎく,624.6923076923077,5.0
2021,11,6,32600,しゅんぎく,624.8461538461538,5.0
2021,11,8,32600,しゅんぎく,671.0714285714286,5.0
2021,11,9,32600,しゅんぎく,614.2307692307693,5.0
2021,11,11,32600,しゅんぎく,588.0,5.0
2021,11,12,32600,しゅんぎく,571.2307692307693,5.0
2021,11,13,32600,しゅんぎく,577.2307692307693,5.0
2021,11,15,32600,しゅんぎく,593.0,5.0
2021,11,16,32600,しゅんぎく,588.4615384615385,5.0
2021,11,18,32600,しゅんぎく,576.7142857142857,5.0
2021,11,19,32600,しゅんぎく,570.6153846153846,5.0
2021,11,20,32600,しゅんぎく,559.6923076923077,5.0
2021,11,22,32600,しゅんぎく,631.3571428571429,5.0
2021,11,24,32600,しゅんぎく,566.8461538461538,5.0
2021,11,25,32600,しゅんぎく,579.2142857142857,5.0
2021,11,26,32600,しゅんぎく,521.5384615384615,5.0
2021,11,27,32600,しゅんぎく,538.8571428571429,5.0
2021,11,29,32600,しゅんぎく,550.7857142857143,5.0
2021,11,30,32600,しゅんぎく,569.7857142857143,5.0
2021,11,1,32800,にら,804.7857142857143,2.0
2021,11,2,32800,にら,817.7857142857143,2.0
2021,11,4,32800,にら,811.0,2.0
2021,11,5,32800,にら,810.7857142857143,2.0
2021,11,6,32800,にら,821.1428571428571,2.0
2021,11,8,32800,にら,837.7857142857143,2.0
2021,11,9,32800,にら,840.3571428571429,2.0
2021,11,11,32800,にら,817.2857142857143,2.0
2021,11,12,32800,にら,826.6428571428571,2.0
2021,11,13,32800,にら,820.7857142857143,2.0
2021,11,15,32800,にら,807.0,2.0
2021,11,16,32800,にら,810.1428571428571,2.0
2021,11,18,32800,にら,793.3571428571429,2.0
2021,11,19,32800,にら,795.3571428571429,2.0
2021,11,20,32800,にら,800.5,2.0
2021,11,22,32800,にら,790.5714285714286,2.0
2021,11,24,32800,にら,770.4615384615385,2.0
2021,11,25,32800,にら,776.2142857142857,2.0
2021,11,26,32800,にら,770.0,2.0
2021,11,27,32800,にら,776.0,2.0
2021,11,29,32800,にら,774.0,2.0
2021,11,30,32800,にら,775.0,2.0
2021,11,1,32900,セルリー,217.5,4.0
2021,11,2,32900,セルリー,221.85714285714286,4.0
2021,11,4,32900,セルリー,240.71428571428572,4.0
2021,11,5,32900,セルリー,239.14285714285714,4.0
2021,11,6,32900,セルリー,250.85714285714286,4.0
2021,11,8,32900,セルリー,254.85714285714286,4.0
2021,11,9,32900,セルリー,251.64285714285714,4.0
2021,11,11,32900,セルリー,258.15384615384613,4.0
2021,11,12,32900,セルリー,248.35714285714286,4.0
2021,11,13,32900,セルリー,238.0,4.0
2021,11,15,32900,セルリー,232.14285714285714,4.0
2021,11,16,32900,セルリー,222.21428571428572,4.0
2021,11,18,32900,セルリー,227.57142857142858,4.0
2021,11,19,32900,セルリー,226.14285714285714,4.0
2021,11,20,32900,セルリー,225.57142857142858,4.0
2021,11,22,32900,セルリー,228.71428571428572,4.0
2021,11,24,32900,セルリー,230.6153846153846,4.0
2021,11,25,32900,セルリー,228.64285714285714,4.0
2021,11,26,32900,セルリー,224.28571428571428,4.0
2021,11,27,32900,セルリー,229.85714285714286,4.0
2021,11,29,32900,セルリー,221.78571428571428,4.0
2021,11,30,32900,セルリー,218.28571428571428,4.0
2021,11,1,33100,アスパラガス,908.7857142857143,6.0
2021,11,2,33100,アスパラガス,882.0769230769231,6.0
2021,11,4,33100,アスパラガス,926.7692307692307,6.0
2021,11,5,33100,アスパラガス,901.4285714285714,6.0
2021,11,6,33100,アスパラガス,907.4285714285714,6.0
2021,11,8,33100,アスパラガス,886.1428571428571,6.0
2021,11,9,33100,アスパラガス,867.4285714285714,6.0
2021,11,11,33100,アスパラガス,898.1538461538462,6.0
2021,11,12,33100,アスパラガス,875.4615384615385,6.0
2021,11,13,33100,アスパラガス,842.0,6.0
2021,11,15,33100,アスパラガス,865.7692307692307,6.0
2021,11,16,33100,アスパラガス,850.4285714285714,6.0
2021,11,18,33100,アスパラガス,856.6428571428571,6.0
2021,11,19,33100,アスパラガス,834.2142857142857,6.0
2021,11,20,33100,アスパラガス,839.6923076923077,6.0
2021,11,22,33100,アスパラガス,855.8461538461538,6.0
2021,11,24,33100,アスパラガス,825.0769230769231,6.0
2021,11,25,33100,アスパラガス,822.7857142857143,6.0
2021,11,26,33100,アスパラガス,848.8461538461538,6.0
2021,11,27,33100,アスパラガス,814.1428571428571,6.0
2021,11,29,33100,アスパラガス,847.9230769230769,6.0
2021,11,30,33100,アスパラガス,865.4285714285714,6.0
2021,11,1,33200,カリフラワー,223.5,6.0
2021,11,2,33200,カリフラワー,224.07142857142858,6.0
2021,11,4,33200,カリフラワー,204.14285714285714,6.0
2021,11,5,33200,カリフラワー,223.71428571428572,6.0
2021,11,6,33200,カリフラワー,221.35714285714286,6.0
2021,11,8,33200,カリフラワー,220.0,6.0
2021,11,9,33200,カリフラワー,229.53846153846155,6.0
2021,11,11,33200,カリフラワー,219.07142857142858,6.0
2021,11,12,33200,カリフラワー,235.42857142857142,6.0
2021,11,13,33200,カリフラワー,217.78571428571428,6.0
2021,11,15,33200,カリフラワー,229.85714285714286,6.0
2021,11,16,33200,カリフラワー,257.2307692307692,6.0
2021,11,18,33200,カリフラワー,256.7857142857143,6.0
2021,11,19,33200,カリフラワー,244.64285714285714,6.0
2021,11,20,33200,カリフラワー,262.5,6.0
2021,11,22,33200,カリフラワー,251.07142857142858,6.0
2021,11,24,33200,カリフラワー,257.0,6.0
2021,11,25,33200,カリフラワー,289.07142857142856,6.0
2021,11,26,33200,カリフラワー,265.2857142857143,6.0
2021,11,27,33200,カリフラワー,259.35714285714283,6.0
2021,11,29,33200,カリフラワー,262.0,6.0
2021,11,30,33200,カリフラワー,288.92857142857144,6.0
2021,11,1,33300,ブロッコリー,460.35714285714283,6.0
2021,11,2,33300,ブロッコリー,449.92857142857144,6.0
2021,11,4,33300,ブロッコリー,406.7857142857143,6.0
2021,11,5,33300,ブロッコリー,390.2142857142857,6.0
2021,11,6,33300,ブロッコリー,382.2142857142857,6.0
2021,11,8,33300,ブロッコリー,350.85714285714283,6.0
2021,11,9,33300,ブロッコリー,347.57142857142856,6.0
2021,11,11,33300,ブロッコリー,322.2142857142857,6.0
2021,11,12,33300,ブロッコリー,321.2142857142857,6.0
2021,11,13,33300,ブロッコリー,313.35714285714283,6.0
2021,11,15,33300,ブロッコリー,301.92857142857144,6.0
2021,11,16,33300,ブロッコリー,318.42857142857144,6.0
2021,11,18,33300,ブロッコリー,314.57142857142856,6.0
2021,11,19,33300,ブロッコリー,321.2142857142857,6.0
2021,11,20,33300,ブロッコリー,317.0,6.0
2021,11,22,33300,ブロッコリー,310.35714285714283,6.0
2021,11,24,33300,ブロッコリー,296.2307692307692,6.0
2021,11,25,33300,ブロッコリー,298.2142857142857,6.0
2021,11,26,33300,ブロッコリー,293.64285714285717,6.0
2021,11,27,33300,ブロッコリー,286.0,6.0
2021,11,29,33300,ブロッコリー,295.5,6.0
2021,11,30,33300,ブロッコリー,300.85714285714283,6.0
2021,11,1,33400,レタス,179.0,3.0
2021,11,2,33400,レタス,172.71428571428572,3.0
2021,11,4,33400,レタス,170.42857142857142,3.0
2021,11,5,33400,レタス,165.42857142857142,3.0
2021,11,6,33400,レタス,158.35714285714286,3.0
2021,11,8,33400,レタス,152.71428571428572,3.0
2021,11,9,33400,レタス,146.78571428571428,3.0
2021,11,11,33400,レタス,147.5,3.0
2021,11,12,33400,レタス,135.14285714285714,3.0
2021,11,13,33400,レタス,133.57142857142858,3.0
2021,11,15,33400,レタス,134.21428571428572,3.0
2021,11,16,33400,レタス,125.71428571428571,3.0
2021,11,18,33400,レタス,125.92857142857143,3.0
2021,11,19,33400,レタス,122.92857142857143,3.0
2021,11,20,33400,レタス,121.28571428571429,3.0
2021,11,22,33400,レタス,132.0,3.0
2021,11,24,33400,レタス,134.6153846153846,3.0
2021,11,25,33400,レタス,128.57142857142858,3.0
2021,11,26,33400,レタス,119.42857142857143,3.0
2021,11,27,33400,レタス,118.64285714285714,3.0
2021,11,29,33400,レタス,121.07142857142857,3.0
2021,11,30,33400,レタス,121.64285714285714,3.0
2021,11,1,33600,パセリ,1837.857142857143,3.0
2021,11,2,33600,パセリ,1825.142857142857,3.0
2021,11,4,33600,パセリ,1931.642857142857,3.0
2021,11,5,33600,パセリ,1935.5384615384614,3.0
2021,11,6,33600,パセリ,1980.2142857142858,3.0
2021,11,8,33600,パセリ,2142.0714285714284,3.0
2021,11,9,33600,パセリ,2215.9285714285716,3.0
2021,11,11,33600,パセリ,2146.6923076923076,3.0
2021,11,12,33600,パセリ,2187.714285714286,3.0
2021,11,13,33600,パセリ,2139.214285714286,3.0
2021,11,15,33600,パセリ,2149.5714285714284,3.0
2021,11,16,33600,パセリ,2198.5,3.0
2021,11,18,33600,パセリ,2189.9285714285716,3.0
2021,11,19,33600,パセリ,2231.5384615384614,3.0
2021,11,20,33600,パセリ,2152.4285714285716,3.0
2021,11,22,33600,パセリ,1985.357142857143,3.0
2021,11,24,33600,パセリ,1956.6923076923076,3.0
2021,11,25,33600,パセリ,1824.4285714285713,3.0
2021,11,26,33600,パセリ,1702.2142857142858,3.0
2021,11,27,33600,パセリ,1670.7142857142858,3.0
2021,11,29,33600,パセリ,1624.857142857143,3.0
2021,11,30,33600,パセリ,1640.2142857142858,3.0
2021,11,1,34100,きゅうり,348.85714285714283,4.0
2021,11,2,34100,きゅうり,321.57142857142856,4.0
2021,11,4,34100,きゅうり,295.64285714285717,4.0
2021,11,5,34100,きゅうり,297.35714285714283,4.0
2021,11,6,34100,きゅうり,283.35714285714283,4.0
2021,11,8,34100,きゅうり,276.07142857142856,4.0
2021,11,9,34100,きゅうり,263.64285714285717,4.0
2021,11,11,34100,きゅうり,254.0,4.0
2021,11,12,34100,きゅうり,261.7857142857143,4.0
2021,11,13,34100,きゅうり,257.7142857142857,4.0
2021,11,15,34100,きゅうり,264.35714285714283,4.0
2021,11,16,34100,きゅうり,267.14285714285717,4.0
2021,11,18,34100,きゅうり,273.7142857142857,4.0
2021,11,19,34100,きゅうり,281.7857142857143,4.0
2021,11,20,34100,きゅうり,275.0,4.0
2021,11,22,34100,きゅうり,279.2857142857143,4.0
2021,11,24,34100,きゅうり,271.38461538461536,4.0
2021,11,25,34100,きゅうり,262.42857142857144,4.0
2021,11,26,34100,きゅうり,267.7142857142857,4.0
2021,11,27,34100,きゅうり,264.14285714285717,4.0
2021,11,29,34100,きゅうり,266.35714285714283,4.0
2021,11,30,34100,きゅうり,271.2857142857143,4.0
2021,11,1,34200,かぼちゃ,136.64285714285714,4.0
2021,11,2,34200,かぼちゃ,164.0,4.0
2021,11,4,34200,かぼちゃ,148.21428571428572,4.0
2021,11,5,34200,かぼちゃ,159.07142857142858,4.0
2021,11,6,34200,かぼちゃ,155.28571428571428,4.0
2021,11,8,34200,かぼちゃ,158.14285714285714,4.0
2021,11,9,34200,かぼちゃ,177.85714285714286,4.0
2021,11,11,34200,かぼちゃ,166.64285714285714,4.0
2021,11,12,34200,かぼちゃ,190.85714285714286,4.0
2021,11,13,34200,かぼちゃ,172.35714285714286,4.0
2021,11,15,34200,かぼちゃ,205.85714285714286,4.0
2021,11,16,34200,かぼちゃ,174.78571428571428,4.0
2021,11,18,34200,かぼちゃ,184.14285714285714,4.0
2021,11,19,34200,かぼちゃ,187.57142857142858,4.0
2021,11,20,34200,かぼちゃ,210.21428571428572,4.0
2021,11,22,34200,かぼちゃ,181.92857142857142,4.0
2021,11,24,34200,かぼちゃ,197.15384615384616,4.0
2021,11,25,34200,かぼちゃ,214.21428571428572,4.0
2021,11,26,34200,かぼちゃ,186.28571428571428,4.0
2021,11,27,34200,かぼちゃ,202.92857142857142,4.0
2021,11,29,34200,かぼちゃ,192.71428571428572,4.0
2021,11,30,34200,かぼちゃ,210.07142857142858,4.0
2021,11,1,34300,なす,388.85714285714283,2.0
2021,11,2,34300,なす,381.0,2.0
2021,11,4,34300,なす,390.0,2.0
2021,11,5,34300,なす,393.0,2.0
2021,11,6,34300,なす,389.42857142857144,2.0
2021,11,8,34300,なす,401.5,2.0
2021,11,9,34300,なす,370.92857142857144,2.0
2021,11,11,34300,なす,382.57142857142856,2.0
2021,11,12,34300,なす,384.92857142857144,2.0
2021,11,13,34300,なす,372.64285714285717,2.0
2021,11,15,34300,なす,381.7142857142857,2.0
2021,11,16,34300,なす,381.64285714285717,2.0
2021,11,18,34300,なす,393.7857142857143,2.0
2021,11,19,34300,なす,390.85714285714283,2.0
2021,11,20,34300,なす,382.7857142857143,2.0
2021,11,22,34300,なす,390.7142857142857,2.0
2021,11,24,34300,なす,388.84615384615387,2.0
2021,11,25,34300,なす,389.35714285714283,2.0
2021,11,26,34300,なす,378.07142857142856,2.0
2021,11,27,34300,なす,406.5,2.0
2021,11,29,34300,なす,418.7857142857143,2.0
2021,11,30,34300,なす,413.42857142857144,2.0
2021,11,1,34400,トマト,516.5,3.0
2021,11,2,34400,トマト,505.7857142857143,3.0
2021,11,4,34400,トマト,513.0714285714286,3.0
2021,11,5,34400,トマト,492.42857142857144,3.0
2021,11,6,34400,トマト,482.42857142857144,3.0
2021,11,8,34400,トマト,449.7142857142857,3.0
2021,11,9,34400,トマト,438.2142857142857,3.0
2021,11,11,34400,トマト,428.92857142857144,3.0
2021,11,12,34400,トマト,433.42857142857144,3.0
2021,11,13,34400,トマト,420.7857142857143,3.0
2021,11,15,34400,トマト,414.07142857142856,3.0
2021,11,16,34400,トマト,429.0,3.0
2021,11,18,34400,トマト,430.14285714285717,3.0
2021,11,19,34400,トマト,452.42857142857144,3.0
2021,11,20,34400,トマト,442.7857142857143,3.0
2021,11,22,34400,トマト,463.0,3.0
2021,11,24,34400,トマト,467.15384615384613,3.0
2021,11,25,34400,トマト,487.2142857142857,3.0
2021,11,26,34400,トマト,505.7857142857143,3.0
2021,11,27,34400,トマト,471.0,3.0
2021,11,29,34400,トマト,469.14285714285717,3.0
2021,11,30,34400,トマト,477.35714285714283,3.0
2021,11,1,34450,ミニトマト,600.3571428571429,5.0
2021,11,2,34450,ミニトマト,640.2142857142857,5.0
2021,11,4,34450,ミニトマト,657.0714285714286,5.0
2021,11,5,34450,ミニトマト,724.3571428571429,5.0
2021,11,6,34450,ミニトマト,676.8571428571429,5.0
2021,11,8,34450,ミニトマト,700.0714285714286,5.0
2021,11,9,34450,ミニトマト,719.9285714285714,5.0
2021,11,11,34450,ミニトマト,713.2142857142857,5.0
2021,11,12,34450,ミニトマト,736.5,5.0
2021,11,13,34450,ミニトマト,712.8571428571429,5.0
2021,11,15,34450,ミニトマト,713.8571428571429,5.0
2021,11,16,34450,ミニトマト,735.6428571428571,5.0
2021,11,18,34450,ミニトマト,723.2857142857143,5.0
2021,11,19,34450,ミニトマト,782.0714285714286,5.0
2021,11,20,34450,ミニトマト,734.3571428571429,5.0
2021,11,22,34450,ミニトマト,739.1428571428571,5.0
2021,11,24,34450,ミニトマト,717.5384615384615,5.0
2021,11,25,34450,ミニトマト,687.7857142857143,5.0
2021,11,26,34450,ミニトマト,689.0,5.0
2021,11,27,34450,ミニトマト,663.5714285714286,5.0
2021,11,29,34450,ミニトマト,626.6428571428571,5.0
2021,11,30,34450,ミニトマト,634.9285714285714,5.0
2021,11,1,34500,ピーマン,344.57142857142856,4.0
2021,11,2,34500,ピーマン,370.7142857142857,4.0
2021,11,4,34500,ピーマン,378.57142857142856,4.0
2021,11,5,34500,ピーマン,374.64285714285717,4.0
2021,11,6,34500,ピーマン,377.57142857142856,4.0
2021,11,8,34500,ピーマン,398.85714285714283,4.0
2021,11,9,34500,ピーマン,378.2142857142857,4.0
2021,11,11,34500,ピーマン,391.92857142857144,4.0
2021,11,12,34500,ピーマン,382.57142857142856,4.0
2021,11,13,34500,ピーマン,375.07142857142856,4.0
2021,11,15,34500,ピーマン,382.0,4.0
2021,11,16,34500,ピーマン,373.5,4.0
2021,11,18,34500,ピーマン,367.07142857142856,4.0
2021,11,19,34500,ピーマン,369.35714285714283,4.0
2021,11,20,34500,ピーマン,367.0,4.0
2021,11,22,34500,ピーマン,350.57142857142856,4.0
2021,11,24,34500,ピーマン,352.9230769230769,4.0
2021,11,25,34500,ピーマン,346.7142857142857,4.0
2021,11,26,34500,ピーマン,340.92857142857144,4.0
2021,11,27,34500,ピーマン,342.0,4.0
2021,11,29,34500,ピーマン,334.85714285714283,4.0
2021,11,30,34500,ピーマン,334.2857142857143,4.0
2021,11,1,34600,ししとう,1569.642857142857,4.0
2021,11,2,34600,ししとう,1746.142857142857,4.0
2021,11,4,34600,ししとう,1745.0,4.0
2021,11,5,34600,ししとう,1828.2857142857142,4.0
2021,11,6,34600,ししとう,1675.2142857142858,4.0
2021,11,8,34600,ししとう,1812.9285714285713,4.0
2021,11,9,34600,ししとう,1813.4285714285713,4.0
2021,11,11,34600,ししとう,1679.857142857143,4.0
2021,11,12,34600,ししとう,1644.857142857143,4.0
2021,11,13,34600,ししとう,1592.5,4.0
2021,11,15,34600,ししとう,1506.857142857143,4.0
2021,11,16,34600,ししとう,1544.6923076923076,4.0
2021,11,18,34600,ししとう,1523.0714285714287,4.0
2021,11,19,34600,ししとう,1572.2857142857142,4.0
2021,11,20,34600,ししとう,1470.7142857142858,4.0
2021,11,22,34600,ししとう,1374.7142857142858,4.0
2021,11,24,34600,ししとう,1439.7692307692307,4.0
2021,11,25,34600,ししとう,1449.142857142857,4.0
2021,11,26,34600,ししとう,1481.7142857142858,4.0
2021,11,27,34600,ししとう,1344.142857142857,4.0
2021,11,29,34600,ししとう,1380.0,4.0
2021,11,30,34600,ししとう,1469.0,4.0
2021,11,1,34700,スイトコーン,419.3333333333333,6.0
2021,11,2,34700,スイトコーン,324.25,6.0
2021,11,4,34700,スイトコーン,374.0,6.0
2021,11,5,34700,スイトコーン,447.0,6.0
2021,11,6,34700,スイトコーン,375.6666666666667,6.0
2021,11,8,34700,スイトコーン,506.0,6.0
2021,11,9,34700,スイトコーン,390.0,6.0
2021,11,11,34700,スイトコーン,309.0,6.0
2021,11,12,34700,スイトコーン,432.0,6.0
2021,11,13,34700,スイトコーン,356.0,6.0
2021,11,15,34700,スイトコーン,413.0,6.0
2021,11,16,34700,スイトコーン,343.5,6.0
2021,11,18,34700,スイトコーン,433.0,6.0
2021,11,19,34700,スイトコーン,448.75,6.0
2021,11,20,34700,スイトコーン,321.5,6.0
2021,11,22,34700,スイトコーン,327.3333333333333,6.0
2021,11,24,34700,スイトコーン,382.75,6.0
2021,11,25,34700,スイトコーン,292.2857142857143,6.0
2021,11,26,34700,スイトコーン,271.3333333333333,6.0
2021,11,27,34700,スイトコーン,276.25,6.0
2021,11,29,34700,スイトコーン,353.0,6.0
2021,11,30,34700,スイトコーン,369.5,6.0
2021,11,1,35100,さやいんげん,954.5714285714286,6.0
2021,11,2,35100,さやいんげん,998.2857142857143,6.0
2021,11,4,35100,さやいんげん,975.5,6.0
2021,11,5,35100,さやいんげん,1008.2142857142857,6.0
2021,11,6,35100,さやいんげん,1026.857142857143,6.0
2021,11,8,35100,さやいんげん,978.8571428571429,6.0
2021,11,9,35100,さやいんげん,997.0,6.0
2021,11,11,35100,さやいんげん,980.5,6.0
2021,11,12,35100,さやいんげん,965.0,6.0
2021,11,13,35100,さやいんげん,951.3571428571429,6.0
2021,11,15,35100,さやいんげん,918.5,6.0
2021,11,16,35100,さやいんげん,947.0,6.0
2021,11,18,35100,さやいんげん,932.3571428571429,6.0
2021,11,19,35100,さやいんげん,961.2857142857143,6.0
2021,11,20,35100,さやいんげん,952.1428571428571,6.0
2021,11,22,35100,さやいんげん,990.7142857142857,6.0
2021,11,24,35100,さやいんげん,990.6153846153846,6.0
2021,11,25,35100,さやいんげん,988.6428571428571,6.0
2021,11,26,35100,さやいんげん,963.7142857142857,6.0
2021,11,27,35100,さやいんげん,966.0714285714286,6.0
2021,11,29,35100,さやいんげん,969.7857142857143,6.0
2021,11,30,35100,さやいんげん,952.4285714285714,6.0
2021,11,1,35200,さやえんどう,1607.1538461538462,6.0
2021,11,2,35200,さやえんどう,1609.5384615384614,6.0
2021,11,4,35200,さやえんどう,1697.6153846153845,6.0
2021,11,5,35200,さやえんどう,1679.6923076923076,6.0
2021,11,6,35200,さやえんどう,1714.1538461538462,6.0
2021,11,8,35200,さやえんどう,1737.6923076923076,6.0
2021,11,9,35200,さやえんどう,1820.923076923077,6.0
2021,11,11,35200,さやえんどう,1759.0,6.0
2021,11,12,35200,さやえんどう,1723.8461538461538,6.0
2021,11,13,35200,さやえんどう,1827.076923076923,6.0
2021,11,15,35200,さやえんどう,1890.2307692307693,6.0
2021,11,16,35200,さやえんどう,1748.3846153846155,6.0
2021,11,18,35200,さやえんどう,1671.3846153846155,6.0
2021,11,19,35200,さやえんどう,1632.1538461538462,6.0
2021,11,20,35200,さやえんどう,1536.8461538461538,6.0
2021,11,22,35200,さやえんどう,1441.7692307692307,6.0
2021,11,24,35200,さやえんどう,1326.2307692307693,6.0
2021,11,25,35200,さやえんどう,1344.3846153846155,6.0
2021,11,26,35200,さやえんどう,1320.6923076923076,6.0
2021,11,27,35200,さやえんどう,1263.8461538461538,6.0
2021,11,29,35200,さやえんどう,1252.5384615384614,6.0
2021,11,30,35200,さやえんどう,1246.4615384615386,6.0
2021,11,1,35300,実えんどう,1146.5,5.0
2021,11,2,35300,実えんどう,1094.0,5.0
2021,11,4,35300,実えんどう,985.0,5.0
2021,11,5,35300,実えんどう,1057.5,5.0
2021,11,6,35300,実えんどう,963.25,5.0
2021,11,8,35300,実えんどう,1243.5,5.0
2021,11,9,35300,実えんどう,1189.5,5.0
2021,11,11,35300,実えんどう,1166.5,5.0
2021,11,12,35300,実えんどう,1243.375,5.0
2021,11,13,35300,実えんどう,1296.6666666666667,5.0
2021,11,15,35300,実えんどう,1197.125,5.0
2021,11,16,35300,実えんどう,1256.142857142857,5.0
2021,11,18,35300,実えんどう,1071.857142857143,5.0
2021,11,19,35300,実えんどう,1189.4444444444443,5.0
2021,11,20,35300,実えんどう,1232.4444444444443,5.0
2021,11,22,35300,実えんどう,1485.909090909091,5.0
2021,11,24,35300,実えんどう,1275.75,5.0
2021,11,25,35300,実えんどう,1116.125,5.0
2021,11,26,35300,実えんどう,1461.2,5.0
2021,11,27,35300,実えんどう,1213.1,5.0
2021,11,29,35300,実えんどう,1139.2727272727273,5.0
2021,11,30,35300,実えんどう,1119.0,5.0
2021,11,5,35400,そらまめ,907.0,4.0
2021,11,12,35400,そらまめ,912.0,4.0
2021,11,19,35400,そらまめ,911.0,4.0
2021,11,1,35500,えだまめ,989.6,4.0
2021,11,2,35500,えだまめ,1178.1666666666667,4.0
2021,11,4,35500,えだまめ,852.0,4.0
2021,11,5,35500,えだまめ,958.2,4.0
2021,11,6,35500,えだまめ,958.2,4.0
2021,11,8,35500,えだまめ,1007.2,4.0
2021,11,9,35500,えだまめ,1026.6,4.0
2021,11,11,35500,えだまめ,1063.4,4.0
2021,11,12,35500,えだまめ,1029.2,4.0
2021,11,13,35500,えだまめ,1028.2,4.0
2021,11,15,35500,えだまめ,1041.8,4.0
2021,11,16,35500,えだまめ,931.8,4.0
2021,11,18,35500,えだまめ,1189.6666666666667,4.0
2021,11,19,35500,えだまめ,1241.0,4.0
2021,11,20,35500,えだまめ,989.3333333333334,4.0
2021,11,22,35500,えだまめ,1244.6666666666667,4.0
2021,11,24,35500,えだまめ,1333.6666666666667,4.0
2021,11,25,35500,えだまめ,1351.0,4.0
2021,11,26,35500,えだまめ,1391.0,4.0
2021,11,27,35500,えだまめ,1420.0,4.0
2021,11,29,35500,えだまめ,1411.0,4.0
2021,11,30,35500,えだまめ,1403.6666666666667,4.0
2021,11,1,36100,かんしょ,276.7857142857143,4.0
2021,11,2,36100,かんしょ,298.2857142857143,4.0
2021,11,4,36100,かんしょ,296.85714285714283,4.0
2021,11,5,36100,かんしょ,296.7142857142857,4.0
2021,11,6,36100,かんしょ,292.2857142857143,4.0
2021,11,8,36100,かんしょ,294.07142857142856,4.0
2021,11,9,36100,かんしょ,298.7857142857143,4.0
2021,11,11,36100,かんしょ,294.7142857142857,4.0
2021,11,12,36100,かんしょ,290.64285714285717,4.0
2021,11,13,36100,かんしょ,287.42857142857144,4.0
2021,11,15,36100,かんしょ,286.07142857142856,4.0
2021,11,16,36100,かんしょ,294.35714285714283,4.0
2021,11,18,36100,かんしょ,295.35714285714283,4.0
2021,11,19,36100,かんしょ,299.5,4.0
2021,11,20,36100,かんしょ,289.42857142857144,4.0
2021,11,22,36100,かんしょ,292.7857142857143,4.0
2021,11,24,36100,かんしょ,297.53846153846155,4.0
2021,11,25,36100,かんしょ,282.2142857142857,4.0
2021,11,26,36100,かんしょ,282.2857142857143,4.0
2021,11,27,36100,かんしょ,297.07142857142856,4.0
2021,11,29,36100,かんしょ,292.85714285714283,4.0
2021,11,30,36100,かんしょ,277.42857142857144,4.0
2021,11,1,36200,ばれいしょ,189.42857142857142,5.0
2021,11,2,36200,ばれいしょ,196.5,5.0
2021,11,4,36200,ばれいしょ,193.71428571428572,5.0
2021,11,5,36200,ばれいしょ,197.64285714285714,5.0
2021,11,6,36200,ばれいしょ,194.14285714285714,5.0
2021,11,8,36200,ばれいしょ,196.07142857142858,5.0
2021,11,9,36200,ばれいしょ,203.35714285714286,5.0
2021,11,11,36200,ばれいしょ,197.71428571428572,5.0
2021,11,12,36200,ばれいしょ,206.85714285714286,5.0
2021,11,13,36200,ばれいしょ,201.07142857142858,5.0
2021,11,15,36200,ばれいしょ,205.85714285714286,5.0
2021,11,16,36200,ばれいしょ,200.64285714285714,5.0
2021,11,18,36200,ばれいしょ,198.78571428571428,5.0
2021,11,19,36200,ばれいしょ,211.85714285714286,5.0
2021,11,20,36200,ばれいしょ,201.85714285714286,5.0
2021,11,22,36200,ばれいしょ,210.71428571428572,5.0
2021,11,24,36200,ばれいしょ,208.6153846153846,5.0
2021,11,25,36200,ばれいしょ,218.71428571428572,5.0
2021,11,26,36200,ばれいしょ,213.71428571428572,5.0
2021,11,27,36200,ばれいしょ,210.64285714285714,5.0
2021,11,29,36200,ばれいしょ,207.71428571428572,5.0
2021,11,30,36200,ばれいしょ,211.92857142857142,5.0
2021,11,1,36300,さといも,280.84615384615387,4.0
2021,11,2,36300,さといも,270.2857142857143,4.0
2021,11,4,36300,さといも,262.2142857142857,4.0
2021,11,5,36300,さといも,271.9230769230769,4.0
2021,11,6,36300,さといも,262.9230769230769,4.0
2021,11,8,36300,さといも,308.7857142857143,4.0
2021,11,9,36300,さといも,273.46153846153845,4.0
2021,11,11,36300,さといも,314.2142857142857,4.0
2021,11,12,36300,さといも,314.9230769230769,4.0
2021,11,13,36300,さといも,265.35714285714283,4.0
2021,11,15,36300,さといも,297.2307692307692,4.0
2021,11,16,36300,さといも,326.07142857142856,4.0
2021,11,18,36300,さといも,305.35714285714283,4.0
2021,11,19,36300,さといも,272.7692307692308,4.0
2021,11,20,36300,さといも,279.9230769230769,4.0
2021,11,22,36300,さといも,314.61538461538464,4.0
2021,11,24,36300,さといも,275.2307692307692,4.0
2021,11,25,36300,さといも,283.46153846153845,4.0
2021,11,26,36300,さといも,314.0,4.0
2021,11,27,36300,さといも,285.6923076923077,4.0
2021,11,29,36300,さといも,270.3076923076923,4.0
2021,11,30,36300,さといも,279.0,4.0
2021,11,1,36500,やまのいも,323.0769230769231,5.0
2021,11,2,36500,やまのいも,341.75,5.0
2021,11,4,36500,やまのいも,307.6666666666667,5.0
2021,11,5,36500,やまのいも,374.9230769230769,5.0
2021,11,6,36500,やまのいも,332.38461538461536,5.0
2021,11,8,36500,やまのいも,489.2307692307692,5.0
2021,11,9,36500,やまのいも,368.9230769230769,5.0
2021,11,11,36500,やまのいも,347.5,5.0
2021,11,12,36500,やまのいも,391.0,5.0
2021,11,13,36500,やまのいも,307.45454545454544,5.0
2021,11,15,36500,やまのいも,346.53846153846155,5.0
2021,11,16,36500,やまのいも,341.07142857142856,5.0
2021,11,18,36500,やまのいも,389.6666666666667,5.0
2021,11,19,36500,やまのいも,385.53846153846155,5.0
2021,11,20,36500,やまのいも,339.14285714285717,5.0
2021,11,22,36500,やまのいも,367.2142857142857,5.0
2021,11,24,36500,やまのいも,327.53846153846155,5.0
2021,11,25,36500,やまのいも,392.7692307692308,5.0
2021,11,26,36500,やまのいも,384.85714285714283,5.0
2021,11,27,36500,やまのいも,326.0,5.0
2021,11,29,36500,やまのいも,342.0769230769231,5.0
2021,11,30,36500,やまのいも,374.84615384615387,5.0
2021,11,1,36610,たまねぎ,145.92857142857142,4.0
2021,11,2,36610,たまねぎ,157.14285714285714,4.0
2021,11,4,36610,たまねぎ,153.85714285714286,4.0
2021,11,5,36610,たまねぎ,149.5,4.0
2021,11,6,36610,たまねぎ,159.5,4.0
2021,11,8,36610,たまねぎ,166.28571428571428,4.0
2021,11,9,36610,たまねぎ,171.14285714285714,4.0
2021,11,11,36610,たまねぎ,166.42857142857142,4.0
2021,11,12,36610,たまねぎ,156.71428571428572,4.0
2021,11,13,36610,たまねぎ,168.64285714285714,4.0
2021,11,15,36610,たまねぎ,170.92857142857142,4.0
2021,11,16,36610,たまねぎ,174.5,4.0
2021,11,18,36610,たまねぎ,185.85714285714286,4.0
2021,11,19,36610,たまねぎ,179.07142857142858,4.0
2021,11,20,36610,たまねぎ,180.07142857142858,4.0
2021,11,22,36610,たまねぎ,178.28571428571428,4.0
2021,11,24,36610,たまねぎ,185.23076923076923,4.0
2021,11,25,36610,たまねぎ,188.78571428571428,4.0
2021,11,26,36610,たまねぎ,177.92857142857142,4.0
2021,11,27,36610,たまねぎ,186.14285714285714,4.0
2021,11,29,36610,たまねぎ,176.28571428571428,4.0
2021,11,30,36610,たまねぎ,182.0,4.0
2021,11,1,36700,にんにく,988.2142857142857,4.0
2021,11,2,36700,にんにく,613.1428571428571,4.0
2021,11,4,36700,にんにく,950.1428571428571,4.0
2021,11,5,36700,にんにく,728.1428571428571,4.0
2021,11,6,36700,にんにく,881.9285714285714,4.0
2021,11,8,36700,にんにく,851.9285714285714,4.0
2021,11,9,36700,にんにく,671.4285714285714,4.0
2021,11,11,36700,にんにく,976.1428571428571,4.0
2021,11,12,36700,にんにく,698.6428571428571,4.0
2021,11,13,36700,にんにく,889.0714285714286,4.0
2021,11,15,36700,にんにく,856.0,4.0
2021,11,16,36700,にんにく,744.2142857142857,4.0
2021,11,18,36700,にんにく,922.4285714285714,4.0
2021,11,19,36700,にんにく,644.2857142857143,4.0
2021,11,20,36700,にんにく,764.7142857142857,4.0
2021,11,22,36700,にんにく,835.4285714285714,4.0
2021,11,24,36700,にんにく,756.5384615384615,4.0
2021,11,25,36700,にんにく,978.0,4.0
2021,11,26,36700,にんにく,693.9285714285714,4.0
2021,11,27,36700,にんにく,769.4285714285714,4.0
2021,11,29,36700,にんにく,761.1428571428571,4.0
2021,11,30,36700,にんにく,680.0,4.0
2021,11,1,37200,しょうが,623.4285714285714,4.0
2021,11,2,37200,しょうが,663.2142857142857,4.0
2021,11,4,37200,しょうが,635.5714285714286,4.0
2021,11,5,37200,しょうが,652.1428571428571,4.0
2021,11,6,37200,しょうが,660.8571428571429,4.0
2021,11,8,37200,しょうが,656.2142857142857,4.0
2021,11,9,37200,しょうが,659.2857142857143,4.0
2021,11,11,37200,しょうが,654.2142857142857,4.0
2021,11,12,37200,しょうが,633.0,4.0
2021,11,13,37200,しょうが,657.3571428571429,4.0
2021,11,15,37200,しょうが,658.4285714285714,4.0
2021,11,16,37200,しょうが,693.7857142857143,4.0
2021,11,18,37200,しょうが,635.8571428571429,4.0
2021,11,19,37200,しょうが,674.7857142857143,4.0
2021,11,20,37200,しょうが,654.9285714285714,4.0
2021,11,22,37200,しょうが,643.7142857142857,4.0
2021,11,24,37200,しょうが,686.0769230769231,4.0
2021,11,25,37200,しょうが,674.8571428571429,4.0
2021,11,26,37200,しょうが,649.5,4.0
2021,11,27,37200,しょうが,676.7857142857143,4.0
2021,11,29,37200,しょうが,653.7857142857143,4.0
2021,11,30,37200,しょうが,674.7857142857143,4.0
2021,11,1,38100,生しいたけ,1001.2142857142857,5.0
2021,11,2,38100,生しいたけ,987.5,5.0
2021,11,4,38100,生しいたけ,955.1428571428571,5.0
2021,11,5,38100,生しいたけ,911.0,5.0
2021,11,6,38100,生しいたけ,936.7142857142857,5.0
2021,11,8,38100,生しいたけ,914.2857142857143,5.0
2021,11,9,38100,生しいたけ,923.7142857142857,5.0
2021,11,11,38100,生しいたけ,903.1428571428571,5.0
2021,11,12,38100,生しいたけ,946.7142857142857,5.0
2021,11,13,38100,生しいたけ,888.6428571428571,5.0
2021,11,15,38100,生しいたけ,915.5,5.0
2021,11,16,38100,生しいたけ,906.5,5.0
2021,11,18,38100,生しいたけ,888.2142857142857,5.0
2021,11,19,38100,生しいたけ,915.3571428571429,5.0
2021,11,20,38100,生しいたけ,899.1428571428571,5.0
2021,11,22,38100,生しいたけ,915.3571428571429,5.0
2021,11,24,38100,生しいたけ,905.3076923076923,5.0
2021,11,25,38100,生しいたけ,911.1428571428571,5.0
2021,11,26,38100,生しいたけ,937.9285714285714,5.0
2021,11,27,38100,生しいたけ,914.2857142857143,5.0
2021,11,29,38100,生しいたけ,938.9285714285714,5.0
2021,11,30,38100,生しいたけ,954.0714285714286,5.0
2021,11,1,38300,なめこ,502.0,3.0
2021,11,2,38300,なめこ,498.0,3.0
2021,11,4,38300,なめこ,512.5714285714286,3.0
2021,11,5,38300,なめこ,490.7692307692308,3.0
2021,11,6,38300,なめこ,497.7142857142857,3.0
2021,11,8,38300,なめこ,510.42857142857144,3.0
2021,11,9,38300,なめこ,507.85714285714283,3.0
2021,11,11,38300,なめこ,528.7857142857143,3.0
2021,11,12,38300,なめこ,512.3571428571429,3.0
2021,11,13,38300,なめこ,505.2857142857143,3.0
2021,11,15,38300,なめこ,513.6428571428571,3.0
2021,11,16,38300,なめこ,503.92857142857144,3.0
2021,11,18,38300,なめこ,513.8571428571429,3.0
2021,11,19,38300,なめこ,501.57142857142856,3.0
2021,11,20,38300,なめこ,502.57142857142856,3.0
2021,11,22,38300,なめこ,508.35714285714283,3.0
2021,11,24,38300,なめこ,493.38461538461536,3.0
2021,11,25,38300,なめこ,501.2142857142857,3.0
2021,11,26,38300,なめこ,520.6428571428571,3.0
2021,11,27,38300,なめこ,498.14285714285717,3.0
2021,11,29,38300,なめこ,489.7857142857143,3.0
2021,11,30,38300,なめこ,492.92857142857144,3.0
2021,11,1,38400,えのきだけ,246.64285714285714,5.0
2021,11,2,38400,えのきだけ,256.0,5.0
2021,11,4,38400,えのきだけ,252.92857142857142,5.0
2021,11,5,38400,えのきだけ,245.57142857142858,5.0
2021,11,6,38400,えのきだけ,257.14285714285717,5.0
2021,11,8,38400,えのきだけ,257.14285714285717,5.0
2021,11,9,38400,えのきだけ,262.5,5.0
2021,11,11,38400,えのきだけ,253.92857142857142,5.0
2021,11,12,38400,えのきだけ,259.35714285714283,5.0
2021,11,13,38400,えのきだけ,250.92857142857142,5.0
2021,11,15,38400,えのきだけ,263.92857142857144,5.0
2021,11,16,38400,えのきだけ,268.2857142857143,5.0
2021,11,18,38400,えのきだけ,261.14285714285717,5.0
2021,11,19,38400,えのきだけ,259.2142857142857,5.0
2021,11,20,38400,えのきだけ,264.5,5.0
2021,11,22,38400,えのきだけ,265.64285714285717,5.0
2021,11,24,38400,えのきだけ,261.53846153846155,5.0
2021,11,25,38400,えのきだけ,269.2142857142857,5.0
2021,11,26,38400,えのきだけ,263.92857142857144,5.0
2021,11,27,38400,えのきだけ,266.7142857142857,5.0
2021,11,29,38400,えのきだけ,265.5,5.0
2021,11,30,38400,えのきだけ,276.2142857142857,5.0
2021,11,1,38500,しめじ,454.5,3.0
2021,11,2,38500,しめじ,479.14285714285717,3.0
2021,11,4,38500,しめじ,469.14285714285717,3.0
2021,11,5,38500,しめじ,450.14285714285717,3.0
2021,11,6,38500,しめじ,467.5,3.0
2021,11,8,38500,しめじ,464.85714285714283,3.0
2021,11,9,38500,しめじ,487.14285714285717,3.0
2021,11,11,38500,しめじ,483.2142857142857,3.0
2021,11,12,38500,しめじ,477.2857142857143,3.0
2021,11,13,38500,しめじ,481.0,3.0
2021,11,15,38500,しめじ,489.85714285714283,3.0
2021,11,16,38500,しめじ,504.07142857142856,3.0
2021,11,18,38500,しめじ,500.7857142857143,3.0
2021,11,19,38500,しめじ,472.7857142857143,3.0
2021,11,20,38500,しめじ,490.7142857142857,3.0
2021,11,22,38500,しめじ,495.7142857142857,3.0
2021,11,24,38500,しめじ,506.15384615384613,3.0
2021,11,25,38500,しめじ,517.3571428571429,3.0
2021,11,26,38500,しめじ,491.35714285714283,3.0
2021,11,27,38500,しめじ,489.85714285714283,3.0
2021,11,29,38500,しめじ,486.57142857142856,3.0
2021,11,30,38500,しめじ,515.7142857142857,3.0
2021,11,1,40100,みかん,253.42857142857142,3.0
2021,11,2,40100,みかん,251.21428571428572,3.0
2021,11,4,40100,みかん,252.5,3.0
2021,11,5,40100,みかん,254.23076923076923,3.0
2021,11,6,40100,みかん,253.07142857142858,3.0
2021,11,8,40100,みかん,262.57142857142856,3.0
2021,11,9,40100,みかん,274.07142857142856,3.0
2021,11,11,40100,みかん,257.35714285714283,3.0
2021,11,12,40100,みかん,261.14285714285717,3.0
2021,11,13,40100,みかん,261.07142857142856,3.0
2021,11,15,40100,みかん,267.46153846153845,3.0
2021,11,16,40100,みかん,271.53846153846155,3.0
2021,11,18,40100,みかん,268.35714285714283,3.0
2021,11,19,40100,みかん,258.2142857142857,3.0
2021,11,20,40100,みかん,273.2857142857143,3.0
2021,11,22,40100,みかん,261.2142857142857,3.0
2021,11,24,40100,みかん,263.46153846153845,3.0
2021,11,25,40100,みかん,267.0,3.0
2021,11,26,40100,みかん,250.21428571428572,3.0
2021,11,27,40100,みかん,258.64285714285717,3.0
2021,11,29,40100,みかん,251.92857142857142,3.0
2021,11,30,40100,みかん,256.42857142857144,3.0
2021,11,27,41201,ネーブル,888.0,4.0
2021,11,29,41201,ネーブル,446.0,4.0
2021,11,30,41201,ネーブル,793.0,4.0
2021,11,1,42204,つがる,216.0,3.0
2021,11,2,42204,つがる,345.5,3.0
2021,11,4,42204,つがる,226.0,3.0
2021,11,5,42204,つがる,216.0,3.0
2021,11,6,42204,つがる,276.0,3.0
2021,11,9,42204,つがる,162.0,3.0
2021,11,11,42204,つがる,310.0,3.0
2021,11,15,42204,つがる,291.0,3.0
2021,11,22,42204,つがる,311.0,3.0
2021,11,1,42505,ジョナゴルド,373.09090909090907,6.0
2021,11,2,42505,ジョナゴルド,361.6666666666667,6.0
2021,11,4,42505,ジョナゴルド,390.46153846153845,6.0
2021,11,5,42505,ジョナゴルド,350.3333333333333,6.0
2021,11,6,42505,ジョナゴルド,361.4166666666667,6.0
2021,11,8,42505,ジョナゴルド,379.2307692307692,6.0
2021,11,9,42505,ジョナゴルド,342.72727272727275,6.0
2021,11,11,42505,ジョナゴルド,393.3333333333333,6.0
2021,11,12,42505,ジョナゴルド,383.1818181818182,6.0
2021,11,13,42505,ジョナゴルド,373.6923076923077,6.0
2021,11,15,42505,ジョナゴルド,394.90909090909093,6.0
2021,11,16,42505,ジョナゴルド,394.0,6.0
2021,11,18,42505,ジョナゴルド,414.5,6.0
2021,11,19,42505,ジョナゴルド,394.6666666666667,6.0
2021,11,20,42505,ジョナゴルド,395.0,6.0
2021,11,22,42505,ジョナゴルド,387.1666666666667,6.0
2021,11,24,42505,ジョナゴルド,428.3,6.0
2021,11,25,42505,ジョナゴルド,398.2307692307692,6.0
2021,11,26,42505,ジョナゴルド,387.09090909090907,6.0
2021,11,27,42505,ジョナゴルド,409.9166666666667,6.0
2021,11,29,42505,ジョナゴルド,412.6666666666667,6.0
2021,11,30,42505,ジョナゴルド,391.2,6.0
2021,11,1,42515,王林,267.22222222222223,2.0
2021,11,2,42515,王林,267.4,2.0
2021,11,4,42515,王林,289.0,2.0
2021,11,5,42515,王林,357.1666666666667,2.0
2021,11,6,42515,王林,298.7142857142857,2.0
2021,11,8,42515,王林,310.4,2.0
2021,11,9,42515,王林,286.42857142857144,2.0
2021,11,11,42515,王林,311.3333333333333,2.0
2021,11,12,42515,王林,327.25,2.0
2021,11,13,42515,王林,334.7142857142857,2.0
2021,11,15,42515,王林,334.90909090909093,2.0
2021,11,16,42515,王林,354.8181818181818,2.0
2021,11,18,42515,王林,370.72727272727275,2.0
2021,11,19,42515,王林,331.9166666666667,2.0
2021,11,20,42515,王林,386.6666666666667,2.0
2021,11,22,42515,王林,343.0769230769231,2.0
2021,11,24,42515,王林,350.7692307692308,2.0
2021,11,25,42515,王林,352.8333333333333,2.0
2021,11,26,42515,王林,354.8181818181818,2.0
2021,11,27,42515,王林,322.1666666666667,2.0
2021,11,29,42515,王林,347.8333333333333,2.0
2021,11,30,42515,王林,382.1818181818182,2.0
2021,11,1,42804,ふじ,353.7857142857143,2.0
2021,11,2,42804,ふじ,374.5,2.0
2021,11,4,42804,ふじ,376.3076923076923,2.0
2021,11,5,42804,ふじ,372.7857142857143,2.0
2021,11,6,42804,ふじ,395.2142857142857,2.0
2021,11,8,42804,ふじ,403.35714285714283,2.0
2021,11,9,42804,ふじ,408.6923076923077,2.0
2021,11,11,42804,ふじ,424.7857142857143,2.0
2021,11,12,42804,ふじ,419.64285714285717,2.0
2021,11,13,42804,ふじ,428.35714285714283,2.0
2021,11,15,42804,ふじ,425.07142857142856,2.0
2021,11,16,42804,ふじ,436.35714285714283,2.0
2021,11,18,42804,ふじ,432.0,2.0
2021,11,19,42804,ふじ,425.5,2.0
2021,11,20,42804,ふじ,426.14285714285717,2.0
2021,11,22,42804,ふじ,420.7142857142857,2.0
2021,11,24,42804,ふじ,407.46153846153845,2.0
2021,11,25,42804,ふじ,422.0,2.0
2021,11,26,42804,ふじ,394.07142857142856,2.0
2021,11,27,42804,ふじ,411.14285714285717,2.0
2021,11,29,42804,ふじ,418.57142857142856,2.0
2021,11,30,42804,ふじ,400.57142857142856,2.0
2021,11,8,43203,幸水,361.0,2.0
2021,11,8,43302,二十世紀,1782.0,4.0
2021,11,1,43310,新高,456.0,2.0
2021,11,2,43310,新高,530.0,2.0
2021,11,4,43310,新高,572.3333333333334,2.0
2021,11,5,43310,新高,497.5,2.0
2021,11,6,43310,新高,297.0,2.0
2021,11,16,43310,新高,477.0,2.0
2021,11,20,43310,新高,507.0,2.0
2021,11,29,43310,新高,578.0,2.0
2021,11,1,43499,西洋なし,464.4166666666667,4.0
2021,11,2,43499,西洋なし,479.38461538461536,4.0
2021,11,4,43499,西洋なし,483.0,4.0
2021,11,5,43499,西洋なし,476.75,4.0
2021,11,6,43499,西洋なし,484.38461538461536,4.0
2021,11,8,43499,西洋なし,466.75,4.0
2021,11,9,43499,西洋なし,477.90909090909093,4.0
2021,11,11,43499,西洋なし,486.57142857142856,4.0
2021,11,12,43499,西洋なし,484.8333333333333,4.0
2021,11,13,43499,西洋なし,477.84615384615387,4.0
2021,11,15,43499,西洋なし,487.27272727272725,4.0
2021,11,16,43499,西洋なし,507.1818181818182,4.0
2021,11,18,43499,西洋なし,503.85714285714283,4.0
2021,11,19,43499,西洋なし,501.25,4.0
2021,11,20,43499,西洋なし,497.9230769230769,4.0
2021,11,22,43499,西洋なし,604.5833333333334,4.0
2021,11,24,43499,西洋なし,636.5384615384615,4.0
2021,11,25,43499,西洋なし,540.9285714285714,4.0
2021,11,26,43499,西洋なし,560.5,4.0
2021,11,27,43499,西洋なし,532.3333333333334,4.0
2021,11,29,43499,西洋なし,608.0909090909091,4.0
2021,11,30,43499,西洋なし,516.0,4.0
2021,11,1,43700,甘がき,367.92857142857144,3.0
2021,11,2,43700,甘がき,367.84615384615387,3.0
2021,11,4,43700,甘がき,358.85714285714283,3.0
2021,11,5,43700,甘がき,357.38461538461536,3.0
2021,11,6,43700,甘がき,360.35714285714283,3.0
2021,11,8,43700,甘がき,355.92857142857144,3.0
2021,11,9,43700,甘がき,342.6923076923077,3.0
2021,11,11,43700,甘がき,357.85714285714283,3.0
2021,11,12,43700,甘がき,356.2307692307692,3.0
2021,11,13,43700,甘がき,342.35714285714283,3.0
2021,11,15,43700,甘がき,360.14285714285717,3.0
2021,11,16,43700,甘がき,349.0,3.0
2021,11,18,43700,甘がき,354.07142857142856,3.0
2021,11,19,43700,甘がき,331.7142857142857,3.0
2021,11,20,43700,甘がき,332.5,3.0
2021,11,22,43700,甘がき,325.92857142857144,3.0
2021,11,24,43700,甘がき,329.9230769230769,3.0
2021,11,25,43700,甘がき,322.57142857142856,3.0
2021,11,26,43700,甘がき,327.46153846153845,3.0
2021,11,27,43700,甘がき,316.85714285714283,3.0
2021,11,29,43700,甘がき,321.07142857142856,3.0
2021,11,30,43700,甘がき,295.6923076923077,3.0
2021,11,1,43751,渋がき,328.07142857142856,3.0
2021,11,2,43751,渋がき,322.7857142857143,3.0
2021,11,4,43751,渋がき,313.35714285714283,3.0
2021,11,5,43751,渋がき,315.14285714285717,3.0
2021,11,6,43751,渋がき,301.64285714285717,3.0
2021,11,8,43751,渋がき,313.2142857142857,3.0
2021,11,9,43751,渋がき,296.0,3.0
2021,11,11,43751,渋がき,319.7142857142857,3.0
2021,11,12,43751,渋がき,303.3076923076923,3.0
2021,11,13,43751,渋がき,329.2857142857143,3.0
2021,11,15,43751,渋がき,308.57142857142856,3.0
2021,11,16,43751,渋がき,296.0,3.0
2021,11,18,43751,渋がき,314.35714285714283,3.0
2021,11,19,43751,渋がき,292.53846153846155,3.0
2021,11,20,43751,渋がき,303.07142857142856,3.0
2021,11,22,43751,渋がき,283.2857142857143,3.0
2021,11,24,43751,渋がき,272.5833333333333,3.0
2021,11,25,43751,渋がき,292.46153846153845,3.0
2021,11,26,43751,渋がき,263.0,3.0
2021,11,27,43751,渋がき,283.14285714285717,3.0
2021,11,29,43751,渋がき,249.53846153846155,3.0
2021,11,30,43751,渋がき,278.0,3.0
2021,11,2,44100,もも,451.0,2.0
2021,11,16,44100,もも,4083.5,2.0
2021,11,18,44100,もも,4103.0,2.0
2021,11,19,44100,もも,6866.0,2.0
2021,11,20,44100,もも,3496.5,2.0
2021,11,22,44100,もも,4808.666666666667,2.0
2021,11,24,44100,もも,3691.5,2.0
2021,11,25,44100,もも,3482.6666666666665,2.0
2021,11,27,44100,もも,3601.5,2.0
2021,11,29,44100,もも,1288.0,2.0
2021,11,30,44100,もも,2957.5,2.0
2021,11,6,44700,すもも,335.0,3.0
2021,11,1,45206,巨峰,1479.076923076923,2.0
2021,11,2,45206,巨峰,1546.7,2.0
2021,11,4,45206,巨峰,1529.5384615384614,2.0
2021,11,5,45206,巨峰,1501.888888888889,2.0
2021,11,6,45206,巨峰,1618.5833333333333,2.0
2021,11,8,45206,巨峰,1523.6363636363637,2.0
2021,11,9,45206,巨峰,1564.1,2.0
2021,11,11,45206,巨峰,1593.3333333333333,2.0
2021,11,12,45206,巨峰,1563.0,2.0
2021,11,13,45206,巨峰,1543.0,2.0
2021,11,15,45206,巨峰,1576.5555555555557,2.0
2021,11,16,45206,巨峰,1585.0,2.0
2021,11,18,45206,巨峰,1517.7777777777778,2.0
2021,11,19,45206,巨峰,1392.5,2.0
2021,11,20,45206,巨峰,1712.0,2.0
2021,11,22,45206,巨峰,1585.125,2.0
2021,11,24,45206,巨峰,1735.8,2.0
2021,11,25,45206,巨峰,1649.8,2.0
2021,11,26,45206,巨峰,1764.0,2.0
2021,11,27,45206,巨峰,1595.2,2.0
2021,11,29,45206,巨峰,1565.2,2.0
2021,11,30,45206,巨峰,1482.5,2.0
2021,11,1,45700,くり,1649.2,2.0
2021,11,2,45700,くり,1340.6,2.0
2021,11,4,45700,くり,1796.6666666666667,2.0
2021,11,5,45700,くり,1696.3333333333333,2.0
2021,11,6,45700,くり,1883.875,2.0
2021,11,8,45700,くり,1716.6,2.0
2021,11,9,45700,くり,1931.5,2.0
2021,11,11,45700,くり,2039.5,2.0
2021,11,12,45700,くり,2591.5,2.0
2021,11,13,45700,くり,2075.0,2.0
2021,11,15,45700,くり,1865.0,2.0
2021,11,16,45700,くり,748.0,2.0
2021,11,18,45700,くり,1926.0,2.0
2021,11,19,45700,くり,1180.0,2.0
2021,11,20,45700,くり,878.0,2.0
2021,11,24,45700,くり,1030.0,2.0
2021,11,25,45700,くり,1350.0,2.0
2021,11,26,45700,くり,1757.0,2.0
2021,11,27,45700,くり,1738.3333333333333,2.0
2021,11,29,45700,くり,1286.0,2.0
2021,11,30,45700,くり,1632.0,2.0
2021,11,1,46100,いちご,3067.4,3.0
2021,11,2,46100,いちご,3275.1666666666665,3.0
2021,11,4,46100,いちご,2979.230769230769,3.0
2021,11,5,46100,いちご,2961.230769230769,3.0
2021,11,6,46100,いちご,2959.846153846154,3.0
2021,11,8,46100,いちご,2567.0,3.0
2021,11,9,46100,いちご,2618.923076923077,3.0
2021,11,11,46100,いちご,2459.1428571428573,3.0
2021,11,12,46100,いちご,2562.0,3.0
2021,11,13,46100,いちご,2371.3076923076924,3.0
2021,11,15,46100,いちご,2323.714285714286,3.0
2021,11,16,46100,いちご,2305.846153846154,3.0
2021,11,18,46100,いちご,2236.285714285714,3.0
2021,11,19,46100,いちご,2252.769230769231,3.0
2021,11,20,46100,いちご,2220.9285714285716,3.0
2021,11,22,46100,いちご,2239.3571428571427,3.0
2021,11,24,46100,いちご,2121.230769230769,3.0
2021,11,25,46100,いちご,2158.214285714286,3.0
2021,11,26,46100,いちご,2126.076923076923,3.0
2021,11,27,46100,いちご,2121.5,3.0
2021,11,29,46100,いちご,2106.1428571428573,3.0
2021,11,30,46100,いちご,2063.076923076923,3.0
2021,11,1,47200,温室メロン,828.0,5.0
2021,11,2,47200,温室メロン,840.1538461538462,5.0
2021,11,4,47200,温室メロン,899.2307692307693,5.0
2021,11,5,47200,温室メロン,1069.8461538461538,5.0
2021,11,6,47200,温室メロン,953.2857142857143,5.0
2021,11,8,47200,温室メロン,977.4285714285714,5.0
2021,11,9,47200,温室メロン,1079.5384615384614,5.0
2021,11,11,47200,温室メロン,950.3076923076923,5.0
2021,11,12,47200,温室メロン,933.0,5.0
2021,11,13,47200,温室メロン,825.7142857142857,5.0
2021,11,15,47200,温室メロン,826.2142857142857,5.0
2021,11,16,47200,温室メロン,867.3846153846154,5.0
2021,11,18,47200,温室メロン,738.2857142857143,5.0
2021,11,19,47200,温室メロン,796.3076923076923,5.0
2021,11,20,47200,温室メロン,765.5,5.0
2021,11,22,47200,温室メロン,741.8571428571429,5.0
2021,11,24,47200,温室メロン,731.0769230769231,5.0
2021,11,25,47200,温室メロン,787.3571428571429,5.0
2021,11,26,47200,温室メロン,788.0769230769231,5.0
2021,11,27,47200,温室メロン,826.5714285714286,5.0
2021,11,29,47200,温室メロン,813.5,5.0
2021,11,30,47200,温室メロン,903.6153846153846,5.0
2021,11,1,47213,アンデス,468.0,4.0
2021,11,2,47213,アンデス,476.0,4.0
2021,11,4,47213,アンデス,482.3333333333333,4.0
2021,11,5,47213,アンデス,577.0,4.0
2021,11,6,47213,アンデス,533.3333333333334,4.0
2021,11,8,47213,アンデス,527.0,4.0
2021,11,9,47213,アンデス,505.0,4.0
2021,11,11,47213,アンデス,537.0,4.0
2021,11,12,47213,アンデス,497.3333333333333,4.0
2021,11,13,47213,アンデス,485.3333333333333,4.0
2021,11,15,47213,アンデス,494.75,4.0
2021,11,16,47213,アンデス,439.6666666666667,4.0
2021,11,18,47213,アンデス,507.75,4.0
2021,11,19,47213,アンデス,491.0,4.0
2021,11,20,47213,アンデス,493.25,4.0
2021,11,22,47213,アンデス,462.5,4.0
2021,11,24,47213,アンデス,484.3333333333333,4.0
2021,11,25,47213,アンデス,520.0,4.0
2021,11,26,47213,アンデス,509.0,4.0
2021,11,27,47213,アンデス,490.5,4.0
2021,11,29,47213,アンデス,577.0,4.0
2021,11,30,47213,アンデス,661.0,4.0
2021,11,1,48100,すいか,399.4,3.0
2021,11,2,48100,すいか,444.3,3.0
2021,11,4,48100,すいか,493.6363636363636,3.0
2021,11,5,48100,すいか,371.25,3.0
2021,11,6,48100,すいか,525.0,3.0
2021,11,8,48100,すいか,363.0,3.0
2021,11,9,48100,すいか,422.0,3.0
2021,11,11,48100,すいか,351.3333333333333,3.0
2021,11,12,48100,すいか,396.1818181818182,3.0
2021,11,13,48100,すいか,407.45454545454544,3.0
2021,11,15,48100,すいか,420.27272727272725,3.0
2021,11,16,48100,すいか,354.3636363636364,3.0
2021,11,18,48100,すいか,389.2307692307692,3.0
2021,11,19,48100,すいか,326.3636363636364,3.0
2021,11,20,48100,すいか,368.6666666666667,3.0
2021,11,22,48100,すいか,323.2307692307692,3.0
2021,11,24,48100,すいか,385.1666666666667,3.0
2021,11,25,48100,すいか,362.55555555555554,3.0
2021,11,26,48100,すいか,350.5,3.0
2021,11,27,48100,すいか,476.45454545454544,3.0
2021,11,29,48100,すいか,402.75,3.0
2021,11,30,48100,すいか,445.75,3.0
2021,11,1,49300,キウイフルツ,788.625,6.0
2021,11,2,49300,キウイフルツ,764.6666666666666,6.0
2021,11,4,49300,キウイフルツ,623.25,6.0
2021,11,5,49300,キウイフルツ,613.7,6.0
2021,11,6,49300,キウイフルツ,641.2727272727273,6.0
2021,11,8,49300,キウイフルツ,733.5,6.0
2021,11,9,49300,キウイフルツ,575.4,6.0
2021,11,11,49300,キウイフルツ,560.5833333333334,6.0
2021,11,12,49300,キウイフルツ,604.9230769230769,6.0
2021,11,13,49300,キウイフルツ,677.2,6.0
2021,11,15,49300,キウイフルツ,602.7857142857143,6.0
2021,11,16,49300,キウイフルツ,599.0909090909091,6.0
2021,11,18,49300,キウイフルツ,564.0833333333334,6.0
2021,11,19,49300,キウイフルツ,605.8461538461538,6.0
2021,11,20,49300,キウイフルツ,588.0833333333334,6.0
2021,11,22,49300,キウイフルツ,579.4166666666666,6.0
2021,11,24,49300,キウイフルツ,558.4166666666666,6.0
2021,11,25,49300,キウイフルツ,574.0833333333334,6.0
2021,11,26,49300,キウイフルツ,588.1666666666666,6.0
2021,11,27,49300,キウイフルツ,608.0,6.0
2021,11,29,49300,キウイフルツ,624.6,6.0
2021,11,30,49300,キウイフルツ,697.5,6.0
2021,11,1,50100,バナナ,168.28571428571428,3.0
2021,11,2,50100,バナナ,169.78571428571428,3.0
2021,11,4,50100,バナナ,179.21428571428572,3.0
2021,11,5,50100,バナナ,162.28571428571428,3.0
2021,11,6,50100,バナナ,169.85714285714286,3.0
2021,11,8,50100,バナナ,172.14285714285714,3.0
2021,11,9,50100,バナナ,167.42857142857142,3.0
2021,11,11,50100,バナナ,179.14285714285714,3.0
2021,11,12,50100,バナナ,163.78571428571428,3.0
2021,11,13,50100,バナナ,169.28571428571428,3.0
2021,11,15,50100,バナナ,167.21428571428572,3.0
2021,11,16,50100,バナナ,158.85714285714286,3.0
2021,11,18,50100,バナナ,171.85714285714286,3.0
2021,11,19,50100,バナナ,167.35714285714286,3.0
2021,11,20,50100,バナナ,164.78571428571428,3.0
2021,11,22,50100,バナナ,163.07142857142858,3.0
2021,11,24,50100,バナナ,159.3846153846154,3.0
2021,11,25,50100,バナナ,159.71428571428572,3.0
2021,11,26,50100,バナナ,165.71428571428572,3.0
2021,11,27,50100,バナナ,168.30769230769232,3.0
2021,11,29,50100,バナナ,164.07142857142858,3.0
2021,11,30,50100,バナナ,161.35714285714286,3.0
2021,11,1,50300,パイナップル,187.25,6.0
2021,11,2,50300,パイナップル,196.3846153846154,6.0
2021,11,4,50300,パイナップル,187.69230769230768,6.0
2021,11,5,50300,パイナップル,198.07142857142858,6.0
2021,11,6,50300,パイナップル,190.35714285714286,6.0
2021,11,8,50300,パイナップル,189.23076923076923,6.0
2021,11,9,50300,パイナップル,183.69230769230768,6.0
2021,11,11,50300,パイナップル,193.78571428571428,6.0
2021,11,12,50300,パイナップル,186.84615384615384,6.0
2021,11,13,50300,パイナップル,193.57142857142858,6.0
2021,11,15,50300,パイナップル,194.07692307692307,6.0
2021,11,16,50300,パイナップル,199.23076923076923,6.0
2021,11,18,50300,パイナップル,198.28571428571428,6.0
2021,11,19,50300,パイナップル,199.92307692307693,6.0
2021,11,20,50300,パイナップル,184.0,6.0
2021,11,22,50300,パイナップル,179.76923076923077,6.0
2021,11,24,50300,パイナップル,180.69230769230768,6.0
2021,11,25,50300,パイナップル,187.76923076923077,6.0
2021,11,26,50300,パイナップル,179.07142857142858,6.0
2021,11,27,50300,パイナップル,192.3846153846154,6.0
2021,11,29,50300,パイナップル,190.21428571428572,6.0
2021,11,30,50300,パイナップル,184.6153846153846,6.0
2021,11,1,50400,レモン,327.0,3.0
2021,11,2,50400,レモン,313.92857142857144,3.0
2021,11,4,50400,レモン,330.85714285714283,3.0
2021,11,5,50400,レモン,314.14285714285717,3.0
2021,11,6,50400,レモン,278.2142857142857,3.0
2021,11,8,50400,レモン,277.42857142857144,3.0
2021,11,9,50400,レモン,278.2142857142857,3.0
2021,11,11,50400,レモン,281.14285714285717,3.0
2021,11,12,50400,レモン,286.0769230769231,3.0
2021,11,13,50400,レモン,273.35714285714283,3.0
2021,11,15,50400,レモン,284.2142857142857,3.0
2021,11,16,50400,レモン,333.14285714285717,3.0
2021,11,18,50400,レモン,305.46153846153845,3.0
2021,11,19,50400,レモン,307.2142857142857,3.0
2021,11,20,50400,レモン,283.7142857142857,3.0
2021,11,22,50400,レモン,300.92857142857144,3.0
2021,11,24,50400,レモン,292.0769230769231,3.0
2021,11,25,50400,レモン,275.2142857142857,3.0
2021,11,26,50400,レモン,297.84615384615387,3.0
2021,11,27,50400,レモン,302.85714285714283,3.0
2021,11,29,50400,レモン,336.57142857142856,3.0
2021,11,30,50400,レモン,285.57142857142856,3.0
2021,11,1,50500,グレプフルツ,159.5,6.0
2021,11,2,50500,グレプフルツ,142.84615384615384,6.0
2021,11,4,50500,グレプフルツ,166.14285714285714,6.0
2021,11,5,50500,グレプフルツ,162.64285714285714,6.0
2021,11,6,50500,グレプフルツ,154.6153846153846,6.0
2021,11,8,50500,グレプフルツ,169.3846153846154,6.0
2021,11,9,50500,グレプフルツ,165.28571428571428,6.0
2021,11,11,50500,グレプフルツ,171.57142857142858,6.0
2021,11,12,50500,グレプフルツ,162.30769230769232,6.0
2021,11,13,50500,グレプフルツ,172.0,6.0
2021,11,15,50500,グレプフルツ,171.3846153846154,6.0
2021,11,16,50500,グレプフルツ,173.28571428571428,6.0
2021,11,18,50500,グレプフルツ,172.6153846153846,6.0
2021,11,19,50500,グレプフルツ,175.15384615384616,6.0
2021,11,20,50500,グレプフルツ,183.69230769230768,6.0
2021,11,22,50500,グレプフルツ,186.71428571428572,6.0
2021,11,24,50500,グレプフルツ,170.53846153846155,6.0
2021,11,25,50500,グレプフルツ,191.85714285714286,6.0
2021,11,26,50500,グレプフルツ,204.53846153846155,6.0
2021,11,27,50500,グレプフルツ,191.15384615384616,6.0
2021,11,29,50500,グレプフルツ,185.15384615384616,6.0
2021,11,30,50500,グレプフルツ,204.07692307692307,6.0
2021,11,1,50600,オレンジ,261.75,4.0
2021,11,2,50600,オレンジ,238.14285714285714,4.0
2021,11,4,50600,オレンジ,261.57142857142856,4.0
2021,11,5,50600,オレンジ,259.57142857142856,4.0
2021,11,6,50600,オレンジ,254.92307692307693,4.0
2021,11,8,50600,オレンジ,262.85714285714283,4.0
2021,11,9,50600,オレンジ,254.57142857142858,4.0
2021,11,11,50600,オレンジ,251.78571428571428,4.0
2021,11,12,50600,オレンジ,260.5,4.0
2021,11,13,50600,オレンジ,251.6153846153846,4.0
2021,11,15,50600,オレンジ,271.64285714285717,4.0
2021,11,16,50600,オレンジ,261.92857142857144,4.0
2021,11,18,50600,オレンジ,261.14285714285717,4.0
2021,11,19,50600,オレンジ,257.2857142857143,4.0
2021,11,20,50600,オレンジ,247.78571428571428,4.0
2021,11,22,50600,オレンジ,262.42857142857144,4.0
2021,11,24,50600,オレンジ,255.69230769230768,4.0
2021,11,25,50600,オレンジ,252.21428571428572,4.0
2021,11,26,50600,オレンジ,248.78571428571428,4.0
2021,11,27,50600,オレンジ,254.21428571428572,4.0
2021,11,29,50600,オレンジ,257.0,4.0
2021,11,30,50600,オレンジ,270.42857142857144,4.0
2021,11,1,50800,輸入キウイ,589.7142857142857,5.0
2021,11,2,50800,輸入キウイ,594.1666666666666,5.0
2021,11,4,50800,輸入キウイ,572.2307692307693,5.0
2021,11,5,50800,輸入キウイ,580.1666666666666,5.0
2021,11,6,50800,輸入キウイ,584.0,5.0
2021,11,8,50800,輸入キウイ,593.5714285714286,5.0
2021,11,9,50800,輸入キウイ,578.6428571428571,5.0
2021,11,11,50800,輸入キウイ,561.4285714285714,5.0
2021,11,12,50800,輸入キウイ,572.0,5.0
2021,11,13,50800,輸入キウイ,584.3846153846154,5.0
2021,11,15,50800,輸入キウイ,589.5714285714286,5.0
2021,11,16,50800,輸入キウイ,591.25,5.0
2021,11,18,50800,輸入キウイ,593.3076923076923,5.0
2021,11,19,50800,輸入キウイ,585.7692307692307,5.0
2021,11,20,50800,輸入キウイ,577.0,5.0
2021,11,22,50800,輸入キウイ,577.9285714285714,5.0
2021,11,24,50800,輸入キウイ,559.6923076923077,5.0
2021,11,25,50800,輸入キウイ,550.0,5.0
2021,11,26,50800,輸入キウイ,547.3571428571429,5.0
2021,11,27,50800,輸入キウイ,557.6153846153846,5.0
2021,11,29,50800,輸入キウイ,559.0,5.0
2021,11,30,50800,輸入キウイ,550.7142857142857,5.0
2021,11,1,50850,輸入メロン,314.125,5.0
2021,11,2,50850,輸入メロン,314.5,5.0
2021,11,4,50850,輸入メロン,315.625,5.0
2021,11,5,50850,輸入メロン,323.2,5.0
2021,11,6,50850,輸入メロン,309.6666666666667,5.0
2021,11,8,50850,輸入メロン,308.45454545454544,5.0
2021,11,9,50850,輸入メロン,354.5,5.0
2021,11,11,50850,輸入メロン,284.875,5.0
2021,11,12,50850,輸入メロン,341.1111111111111,5.0
2021,11,13,50850,輸入メロン,327.0,5.0
2021,11,15,50850,輸入メロン,298.7142857142857,5.0
2021,11,16,50850,輸入メロン,318.6,5.0
2021,11,18,50850,輸入メロン,313.54545454545456,5.0
2021,11,19,50850,輸入メロン,297.6,5.0
2021,11,20,50850,輸入メロン,295.09090909090907,5.0
2021,11,22,50850,輸入メロン,300.6,5.0
2021,11,24,50850,輸入メロン,293.6,5.0
2021,11,25,50850,輸入メロン,315.875,5.0
2021,11,26,50850,輸入メロン,319.6666666666667,5.0
2021,11,27,50850,輸入メロン,314.7142857142857,5.0
2021,11,29,50850,輸入メロン,245.55555555555554,5.0
2021,11,30,50850,輸入メロン,292.6666666666667,5.0
